<ImportExportXml version="9.2.25102.172" SolutionPackageVersion="9.2" languagecode="1033" generatedBy="CrmLive" xmlns:xsi="http://www.w3.org/2001/XMLSchema-instance" OrganizationVersion="9.2.25102.172" OrganizationSchemaType="Full" CRMServerServiceabilityVersion="9.2.25103.00175">
  <SolutionManifest>
    <UniqueName>DevOpsSolution</UniqueName>
    <LocalizedNames>
      <LocalizedName description="DevOpp" languagecode="1033" />
    </LocalizedNames>
    <Descriptions />
    <Version>1.0.0.0</Version>
    <Managed>1</Managed>
    <Publisher>
      <UniqueName>DevOps</UniqueName>
      <LocalizedNames>
        <LocalizedName description="DevOps" languagecode="1033" />
      </LocalizedNames>
      <Descriptions />
      <EMailAddress xsi:nil="true"></EMailAddress>
      <SupportingWebsiteUrl xsi:nil="true"></SupportingWebsiteUrl>
      <CustomizationPrefix>dos</CustomizationPrefix>
      <CustomizationOptionValuePrefix>77880</CustomizationOptionValuePrefix>
      <Addresses>
        <Address>
          <AddressNumber>1</AddressNumber>
          <AddressTypeCode>1</AddressTypeCode>
          <City xsi:nil="true"></City>
          <County xsi:nil="true"></County>
          <Country xsi:nil="true"></Country>
          <Fax xsi:nil="true"></Fax>
          <FreightTermsCode xsi:nil="true"></FreightTermsCode>
          <ImportSequenceNumber xsi:nil="true"></ImportSequenceNumber>
          <Latitude xsi:nil="true"></Latitude>
          <Line1 xsi:nil="true"></Line1>
          <Line2 xsi:nil="true"></Line2>
          <Line3 xsi:nil="true"></Line3>
          <Longitude xsi:nil="true"></Longitude>
          <Name xsi:nil="true"></Name>
          <PostalCode xsi:nil="true"></PostalCode>
          <PostOfficeBox xsi:nil="true"></PostOfficeBox>
          <PrimaryContactName xsi:nil="true"></PrimaryContactName>
          <ShippingMethodCode>1</ShippingMethodCode>
          <StateOrProvince xsi:nil="true"></StateOrProvince>
          <Telephone1 xsi:nil="true"></Telephone1>
          <Telephone2 xsi:nil="true"></Telephone2>
          <Telephone3 xsi:nil="true"></Telephone3>
          <TimeZoneRuleVersionNumber xsi:nil="true"></TimeZoneRuleVersionNumber>
          <UPSZone xsi:nil="true"></UPSZone>
          <UTCOffset xsi:nil="true"></UTCOffset>
          <UTCConversionTimeZoneCode xsi:nil="true"></UTCConversionTimeZoneCode>
        </Address>
        <Address>
          <AddressNumber>2</AddressNumber>
          <AddressTypeCode>1</AddressTypeCode>
          <City xsi:nil="true"></City>
          <County xsi:nil="true"></County>
          <Country xsi:nil="true"></Country>
          <Fax xsi:nil="true"></Fax>
          <FreightTermsCode xsi:nil="true"></FreightTermsCode>
          <ImportSequenceNumber xsi:nil="true"></ImportSequenceNumber>
          <Latitude xsi:nil="true"></Latitude>
          <Line1 xsi:nil="true"></Line1>
          <Line2 xsi:nil="true"></Line2>
          <Line3 xsi:nil="true"></Line3>
          <Longitude xsi:nil="true"></Longitude>
          <Name xsi:nil="true"></Name>
          <PostalCode xsi:nil="true"></PostalCode>
          <PostOfficeBox xsi:nil="true"></PostOfficeBox>
          <PrimaryContactName xsi:nil="true"></PrimaryContactName>
          <ShippingMethodCode>1</ShippingMethodCode>
          <StateOrProvince xsi:nil="true"></StateOrProvince>
          <Telephone1 xsi:nil="true"></Telephone1>
          <Telephone2 xsi:nil="true"></Telephone2>
          <Telephone3 xsi:nil="true"></Telephone3>
          <TimeZoneRuleVersionNumber xsi:nil="true"></TimeZoneRuleVersionNumber>
          <UPSZone xsi:nil="true"></UPSZone>
          <UTCOffset xsi:nil="true"></UTCOffset>
          <UTCConversionTimeZoneCode xsi:nil="true"></UTCConversionTimeZoneCode>
        </Address>
      </Addresses>
    </Publisher>
    <RootComponents>
      <RootComponent type="1" schemaName="dos_deploymentcontrol" behavior="0" />
      <RootComponent type="62" schemaName="Customerservicehub" behavior="0" />
      <RootComponent type="80" schemaName="Customerservicehub" behavior="0" />
    </RootComponents>
    <MissingDependencies>
      <MissingDependency>
        <Required type="1" schemaName="activitymonitor" displayName="Activity monitor" solution="AutomaticRecordCreation (9.1.25091.1001)">
          <package appName="msdynce_Service" version="9.0.25102.1007">msdynce_ServiceAnchor (9.0.25102.1007)</package>
        </Required>
        <Dependent type="80" schemaName="Customerservicehub" displayName="Customer Service Hub" />
      </MissingDependency>
      <MissingDependency>
        <Required type="1" schemaName="bookableresource" displayName="Bookable Resource" solution="msdynce_Scheduling (9.0.0.0)">
          <package appName="msdynce_Scheduling" version="9.0.7.3">Scheduling_Anchor (9.0.7.3)</package>
        </Required>
        <Dependent type="62" schemaName="Customerservicehub" />
      </MissingDependency>
      <MissingDependency>
        <Required type="1" schemaName="bookableresourcecategory" displayName="Bookable Resource Category" solution="msdynce_Scheduling (9.0.0.0)">
          <package appName="msdynce_Scheduling" version="9.0.7.3">Scheduling_Anchor (9.0.7.3)</package>
        </Required>
        <Dependent type="62" schemaName="Customerservicehub" />
      </MissingDependency>
      <MissingDependency>
        <Required type="1" schemaName="bookableresourcecategoryassn" displayName="Bookable Resource Category Assn" solution="msdynce_Scheduling (9.0.0.0)">
          <package appName="msdynce_Scheduling" version="9.0.7.3">Scheduling_Anchor (9.0.7.3)</package>
        </Required>
        <Dependent type="80" schemaName="Customerservicehub" displayName="Customer Service Hub" />
      </MissingDependency>
      <MissingDependency>
        <Required type="1" schemaName="constraintbasedgroup" displayName="Resource Group" solution="msdynce_Service (9.0.5.56)">
          <package appName="msdynce_Service" version="9.0.25102.1007">msdynce_ServiceAnchor (9.0.25102.1007)</package>
        </Required>
        <Dependent type="80" schemaName="Customerservicehub" displayName="Customer Service Hub" />
      </MissingDependency>
      <MissingDependency>
        <Required type="1" schemaName="entitlement" displayName="Entitlement" solution="msdynce_Service (9.0.5.56)">
          <package appName="msdynce_Service" version="9.0.25102.1007">msdynce_ServiceAnchor (9.0.25102.1007)</package>
        </Required>
        <Dependent type="80" schemaName="Customerservicehub" displayName="Customer Service Hub" />
      </MissingDependency>
      <MissingDependency>
        <Required type="1" schemaName="equipment" displayName="Facility/Equipment" solution="msdynce_Service (9.0.5.56)">
          <package appName="msdynce_Service" version="9.0.25102.1007">msdynce_ServiceAnchor (9.0.25102.1007)</package>
        </Required>
        <Dependent type="62" schemaName="Customerservicehub" />
      </MissingDependency>
      <MissingDependency>
        <Required type="1" schemaName="equipment" displayName="Facility/Equipment" solution="msdynce_Service (9.0.5.56)">
          <package appName="msdynce_Service" version="9.0.25102.1007">msdynce_ServiceAnchor (9.0.25102.1007)</package>
        </Required>
        <Dependent type="80" schemaName="Customerservicehub" displayName="Customer Service Hub" />
      </MissingDependency>
      <MissingDependency>
        <Required type="1" schemaName="incident" displayName="Case" solution="msdynce_Service (9.0.5.56)">
          <package appName="msdynce_Service" version="9.0.25102.1007">msdynce_ServiceAnchor (9.0.25102.1007)</package>
        </Required>
        <Dependent type="62" schemaName="Customerservicehub" />
      </MissingDependency>
      <MissingDependency>
        <Required type="1" schemaName="incident" displayName="Case" solution="msdynce_Service (9.0.5.56)">
          <package appName="msdynce_Service" version="9.0.25102.1007">msdynce_ServiceAnchor (9.0.25102.1007)</package>
        </Required>
        <Dependent type="80" schemaName="Customerservicehub" displayName="Customer Service Hub" />
      </MissingDependency>
      <MissingDependency>
        <Required type="1" schemaName="incidentresolution" displayName="Case Resolution" solution="msdynce_Service (9.0.5.56)">
          <package appName="msdynce_Service" version="9.0.25102.1007">msdynce_ServiceAnchor (9.0.25102.1007)</package>
        </Required>
        <Dependent type="80" schemaName="Customerservicehub" displayName="Customer Service Hub" />
      </MissingDependency>
      <MissingDependency>
        <Required type="1" schemaName="knowledgearticleincident" displayName="Knowledge Article Incident" solution="msdynce_Service (9.0.5.56)">
          <package appName="msdynce_Service" version="9.0.25102.1007">msdynce_ServiceAnchor (9.0.25102.1007)</package>
        </Required>
        <Dependent type="80" schemaName="Customerservicehub" displayName="Customer Service Hub" />
      </MissingDependency>
      <MissingDependency>
        <Required type="1" schemaName="msdyn_applicationtabtemplate" displayName="Application Tab Template" solution="msdyn_AppProfileManager (10.1.25095.1010)">
          <package appName="App profile manager" version="10.1.25095.1010">msdyn_AppProfileManagerAnchor (10.1.25095.1010)</package>
        </Required>
        <Dependent type="80" schemaName="Customerservicehub" displayName="Customer Service Hub" />
      </MissingDependency>
      <MissingDependency>
        <Required type="1" schemaName="msdyn_businessclosure" displayName="Business Closure" solution="MicrosoftDynamicsScheduling (3.12.0.448)">
          <package appName="msdynce_CoreServiceScheduling" version="9.0.25093.2002">msdynce_CoreServiceSchedulingAnchor (9.0.25093.2002)</package>
          <package appName="Field Service" version="8.8.139.398">FieldService_trial (8.8.139.398)</package>
        </Required>
        <Dependent type="62" schemaName="Customerservicehub" />
      </MissingDependency>
      <MissingDependency>
        <Required type="1" schemaName="msdyn_customerasset" displayName="Customer Asset" solution="msdyn_AssetCommon (1.0.50.99)">
          <package appName="msdynce_Service" version="9.0.25102.1007">msdynce_ServiceAnchor (9.0.25102.1007)</package>
          <package appName="Field Service" version="8.8.139.398">FieldService_trial (8.8.139.398)</package>
        </Required>
        <Dependent type="62" schemaName="Customerservicehub" />
      </MissingDependency>
      <MissingDependency>
        <Required type="1" schemaName="msdyn_customerasset" displayName="Customer Asset" solution="msdyn_AssetCommon (1.0.50.99)">
          <package appName="msdynce_Service" version="9.0.25102.1007">msdynce_ServiceAnchor (9.0.25102.1007)</package>
          <package appName="Field Service" version="8.8.139.398">FieldService_trial (8.8.139.398)</package>
        </Required>
        <Dependent type="80" schemaName="Customerservicehub" displayName="Customer Service Hub" />
      </MissingDependency>
      <MissingDependency>
        <Required type="1" schemaName="msdyn_dataanalyticsreport_csrmanager" displayName="Customer Service historical analytics" solution="msdyn_AnalyticsForCS (9.0.25093.1002)">
          <package appName="CustomerServiceAnalytics" version="9.0.25093.1002">msdyn_CustomerServiceAnalyticsAnchor (9.0.25093.1002)</package>
        </Required>
        <Dependent type="80" schemaName="Customerservicehub" displayName="Customer Service Hub" />
      </MissingDependency>
      <MissingDependency>
        <Required type="1" schemaName="msdyn_dataanalyticsreport_email" displayName="Email analytics" solution="msdyn_AnalyticsForCS (9.0.25093.1002)">
          <package appName="CustomerServiceAnalytics" version="9.0.25093.1002">msdyn_CustomerServiceAnalyticsAnchor (9.0.25093.1002)</package>
        </Required>
        <Dependent type="80" schemaName="Customerservicehub" displayName="Customer Service Hub" />
      </MissingDependency>
      <MissingDependency>
        <Required type="1" schemaName="msdyn_dataanalyticsreport_forecast" displayName="Forecast" solution="msdyn_AnalyticsForCS (9.0.25093.1002)">
          <package appName="CustomerServiceAnalytics" version="9.0.25093.1002">msdyn_CustomerServiceAnalyticsAnchor (9.0.25093.1002)</package>
        </Required>
        <Dependent type="80" schemaName="Customerservicehub" displayName="Customer Service Hub" />
      </MissingDependency>
      <MissingDependency>
        <Required type="1" schemaName="msdyn_dataanalyticsreport_ksinsights" displayName="Knowledge analytics" solution="msdyn_AnalyticsForCS (9.0.25093.1002)">
          <package appName="CustomerServiceAnalytics" version="9.0.25093.1002">msdyn_CustomerServiceAnalyticsAnchor (9.0.25093.1002)</package>
        </Required>
        <Dependent type="80" schemaName="Customerservicehub" displayName="Customer Service Hub" />
      </MissingDependency>
      <MissingDependency>
        <Required type="1" schemaName="msdyn_datainsightsandanalyticsfeature" displayName="Insights" solution="msdyn_DataInsightsAndAnalytics (9.0.25093.1002)">
          <package appName="msdyn_AcceleratedSales" version="9.1.25094.10001">msdyn_AcceleratedSalesAnchor (9.1.25094.10001)</package>
          <package appName="CustomerServiceAnalytics" version="9.0.25093.1002">msdyn_CustomerServiceAnalyticsAnchor (9.0.25093.1002)</package>
        </Required>
        <Dependent type="80" schemaName="Customerservicehub" displayName="Customer Service Hub" />
      </MissingDependency>
      <MissingDependency>
        <Required type="1" schemaName="msdyn_iotalert" displayName="IoT Alert" solution="IoTConnector (1.8.53.0)">
          <package appName="msdynce_Service" version="9.0.25102.1007">msdynce_ServiceAnchor (9.0.25102.1007)</package>
          <package appName="Field Service" version="8.8.139.398">FieldService_trial (8.8.139.398)</package>
        </Required>
        <Dependent type="62" schemaName="Customerservicehub" />
      </MissingDependency>
      <MissingDependency>
        <Required type="1" schemaName="msdyn_iotalert" displayName="IoT Alert" solution="IoTConnector (1.8.53.0)">
          <package appName="msdynce_Service" version="9.0.25102.1007">msdynce_ServiceAnchor (9.0.25102.1007)</package>
          <package appName="Field Service" version="8.8.139.398">FieldService_trial (8.8.139.398)</package>
        </Required>
        <Dependent type="80" schemaName="Customerservicehub" displayName="Customer Service Hub" />
      </MissingDependency>
      <MissingDependency>
        <Required type="1" schemaName="msdyn_iotdevice" displayName="IoT Device" solution="IoTConnector (1.8.53.0)">
          <package appName="msdynce_Service" version="9.0.25102.1007">msdynce_ServiceAnchor (9.0.25102.1007)</package>
          <package appName="Field Service" version="8.8.139.398">FieldService_trial (8.8.139.398)</package>
        </Required>
        <Dependent type="80" schemaName="Customerservicehub" displayName="Customer Service Hub" />
      </MissingDependency>
      <MissingDependency>
        <Required type="1" schemaName="msdyn_iotdevicecategory" displayName="IoT Device Category" solution="IoTConnector (1.8.53.0)">
          <package appName="msdynce_Service" version="9.0.25102.1007">msdynce_ServiceAnchor (9.0.25102.1007)</package>
          <package appName="Field Service" version="8.8.139.398">FieldService_trial (8.8.139.398)</package>
        </Required>
        <Dependent type="80" schemaName="Customerservicehub" displayName="Customer Service Hub" />
      </MissingDependency>
      <MissingDependency>
        <Required type="1" schemaName="msdyn_iotdevicecommand" displayName="IoT Device Command" solution="IoTConnector (1.8.53.0)">
          <package appName="msdynce_Service" version="9.0.25102.1007">msdynce_ServiceAnchor (9.0.25102.1007)</package>
          <package appName="Field Service" version="8.8.139.398">FieldService_trial (8.8.139.398)</package>
        </Required>
        <Dependent type="80" schemaName="Customerservicehub" displayName="Customer Service Hub" />
      </MissingDependency>
      <MissingDependency>
        <Required type="1" schemaName="msdyn_iotdevicecommanddefinition" displayName="IoT Device Command Definition" solution="IoTConnector (1.8.53.0)">
          <package appName="msdynce_Service" version="9.0.25102.1007">msdynce_ServiceAnchor (9.0.25102.1007)</package>
          <package appName="Field Service" version="8.8.139.398">FieldService_trial (8.8.139.398)</package>
        </Required>
        <Dependent type="80" schemaName="Customerservicehub" displayName="Customer Service Hub" />
      </MissingDependency>
      <MissingDependency>
        <Required type="1" schemaName="msdyn_iotdevicedatahistory" displayName="IoT Device Data History" solution="IoTConnector (1.8.53.0)">
          <package appName="msdynce_Service" version="9.0.25102.1007">msdynce_ServiceAnchor (9.0.25102.1007)</package>
          <package appName="Field Service" version="8.8.139.398">FieldService_trial (8.8.139.398)</package>
        </Required>
        <Dependent type="80" schemaName="Customerservicehub" displayName="Customer Service Hub" />
      </MissingDependency>
      <MissingDependency>
        <Required type="1" schemaName="msdyn_iotdeviceproperty" displayName="IoT Device Property" solution="IoTConnector (1.8.53.0)">
          <package appName="msdynce_Service" version="9.0.25102.1007">msdynce_ServiceAnchor (9.0.25102.1007)</package>
          <package appName="Field Service" version="8.8.139.398">FieldService_trial (8.8.139.398)</package>
        </Required>
        <Dependent type="80" schemaName="Customerservicehub" displayName="Customer Service Hub" />
      </MissingDependency>
      <MissingDependency>
        <Required type="1" schemaName="msdyn_iotdeviceregistrationhistory" displayName="IoT Device Registration History" solution="IoTConnector (1.8.53.0)">
          <package appName="msdynce_Service" version="9.0.25102.1007">msdynce_ServiceAnchor (9.0.25102.1007)</package>
          <package appName="Field Service" version="8.8.139.398">FieldService_trial (8.8.139.398)</package>
        </Required>
        <Dependent type="80" schemaName="Customerservicehub" displayName="Customer Service Hub" />
      </MissingDependency>
      <MissingDependency>
        <Required type="1" schemaName="msdyn_iotpropertydefinition" displayName="IoT Property Definition" solution="IoTConnector (1.8.53.0)">
          <package appName="msdynce_Service" version="9.0.25102.1007">msdynce_ServiceAnchor (9.0.25102.1007)</package>
          <package appName="Field Service" version="8.8.139.398">FieldService_trial (8.8.139.398)</package>
        </Required>
        <Dependent type="80" schemaName="Customerservicehub" displayName="Customer Service Hub" />
      </MissingDependency>
      <MissingDependency>
        <Required type="1" schemaName="msdyn_iotsettings" displayName="IoT Settings" solution="IoTConnector (1.8.53.0)">
          <package appName="msdynce_Service" version="9.0.25102.1007">msdynce_ServiceAnchor (9.0.25102.1007)</package>
          <package appName="Field Service" version="8.8.139.398">FieldService_trial (8.8.139.398)</package>
        </Required>
        <Dependent type="80" schemaName="Customerservicehub" displayName="Customer Service Hub" />
      </MissingDependency>
      <MissingDependency>
        <Required type="1" schemaName="msdyn_iottocaseprocess" displayName="IoT Alert to Case Process" solution="msdyn_ConnectedCustomerService (9.0.23122.1017)">
          <package appName="msdynce_Service" version="9.0.25102.1007">msdynce_ServiceAnchor (9.0.25102.1007)</package>
        </Required>
        <Dependent type="80" schemaName="Customerservicehub" displayName="Customer Service Hub" />
      </MissingDependency>
      <MissingDependency>
        <Required type="1" schemaName="msdyn_liveworkstream" displayName="Work Stream" solution="OmnichannelBase (1.10.0.110)">
          <package appName="UnifiedRoutingPrime" version="1.5.27.124">UnifiedRoutingPrimeAnchor (1.5.27.124)</package>
        </Required>
        <Dependent type="80" schemaName="Customerservicehub" displayName="Customer Service Hub" />
      </MissingDependency>
      <MissingDependency>
        <Required type="1" schemaName="msdyn_masterentityroutingconfiguration" displayName="Master Entity Routing Configuration" solution="msdyn_UnifiedRoutingForEntity (9.1.25074.1003)">
          <package appName="UnifiedRoutingPrime" version="1.5.27.124">UnifiedRoutingPrimeAnchor (1.5.27.124)</package>
          <package appName="msdyn_URAdvancedRecordRouting" version="1.5.25102.1006">msdyn_URAdvancedRecordRouting (1.5.25102.1006)</package>
        </Required>
        <Dependent type="80" schemaName="Customerservicehub" displayName="Customer Service Hub" />
      </MissingDependency>
      <MissingDependency>
        <Required type="1" schemaName="msdyn_notificationtemplate" displayName="Notification Template" solution="msdyn_AppProfileManager (10.1.25095.1010)">
          <package appName="App profile manager" version="10.1.25095.1010">msdyn_AppProfileManagerAnchor (10.1.25095.1010)</package>
        </Required>
        <Dependent type="80" schemaName="Customerservicehub" displayName="Customer Service Hub" />
      </MissingDependency>
      <MissingDependency>
        <Required type="1" schemaName="msdyn_organizationalunit" displayName="Organizational Unit" solution="MicrosoftDynamicsScheduling (3.12.0.448)">
          <package appName="msdynce_CoreServiceScheduling" version="9.0.25093.2002">msdynce_CoreServiceSchedulingAnchor (9.0.25093.2002)</package>
          <package appName="Field Service" version="8.8.139.398">FieldService_trial (8.8.139.398)</package>
        </Required>
        <Dependent type="62" schemaName="Customerservicehub" />
      </MissingDependency>
      <MissingDependency>
        <Required type="1" schemaName="msdyn_productivityagentscript" displayName="Script" solution="msdyn_Agentscripts (9.2.25095.1001)">
          <package appName="ProductivityToolsComponent" version="9.2.25095.1001">AgentProductivityToolsAnchor (9.2.25095.1001)</package>
        </Required>
        <Dependent type="80" schemaName="Customerservicehub" displayName="Customer Service Hub" />
      </MissingDependency>
      <MissingDependency>
        <Required type="1" schemaName="msdyn_productivityagentscriptstep" displayName="Script step" solution="msdyn_Agentscripts (9.2.25095.1001)">
          <package appName="ProductivityToolsComponent" version="9.2.25095.1001">AgentProductivityToolsAnchor (9.2.25095.1001)</package>
        </Required>
        <Dependent type="80" schemaName="Customerservicehub" displayName="Customer Service Hub" />
      </MissingDependency>
      <MissingDependency>
        <Required type="1" schemaName="msdyn_sessiontemplate" displayName="Session Template" solution="msdyn_AppProfileManager (10.1.25095.1010)">
          <package appName="App profile manager" version="10.1.25095.1010">msdyn_AppProfileManagerAnchor (10.1.25095.1010)</package>
        </Required>
        <Dependent type="80" schemaName="Customerservicehub" displayName="Customer Service Hub" />
      </MissingDependency>
      <MissingDependency>
        <Required type="1" schemaName="msdyn_slakpi" displayName="SLA KPI" solution="msdynce_ServiceLevelAgreementExtension (9.0.25102.1002)">
          <package appName="msdynce_ServiceLevelAgreement" version="9.0.25102.1002">msdynce_ServiceLevelAgreementAnchor (9.0.25102.1002)</package>
        </Required>
        <Dependent type="80" schemaName="Customerservicehub" displayName="Customer Service Hub" />
      </MissingDependency>
      <MissingDependency>
        <Required type="1" schemaName="msdyn_swarm" displayName="Swarm" solution="msdyn_Swarming (9.0.25102.2013)">
          <package appName="ServiceExtended" version="9.0.25102.2013">msdyn_ServiceExtendedAnchor (9.0.25102.2013)</package>
        </Required>
        <Dependent type="80" schemaName="Customerservicehub" displayName="Customer Service Hub" />
      </MissingDependency>
      <MissingDependency>
        <Required type="1" schemaName="msdyn_timegroup" displayName="Fulfillment Preference" solution="MicrosoftDynamicsScheduling (3.12.0.448)">
          <package appName="msdynce_CoreServiceScheduling" version="9.0.25093.2002">msdynce_CoreServiceSchedulingAnchor (9.0.25093.2002)</package>
          <package appName="Field Service" version="8.8.139.398">FieldService_trial (8.8.139.398)</package>
        </Required>
        <Dependent type="62" schemaName="Customerservicehub" />
      </MissingDependency>
      <MissingDependency>
        <Required type="1" schemaName="msdyn_timegroup" displayName="Fulfillment Preference" solution="MicrosoftDynamicsScheduling (3.12.0.448)">
          <package appName="msdynce_CoreServiceScheduling" version="9.0.25093.2002">msdynce_CoreServiceSchedulingAnchor (9.0.25093.2002)</package>
          <package appName="Field Service" version="8.8.139.398">FieldService_trial (8.8.139.398)</package>
        </Required>
        <Dependent type="80" schemaName="Customerservicehub" displayName="Customer Service Hub" />
      </MissingDependency>
      <MissingDependency>
        <Required type="1" schemaName="msdyn_unifiedroutingdiagnostic" displayName="Routing diagnostic item" solution="DecisionEngine (1.5.25041.1000)">
          <package appName="ServiceExtended" version="9.0.25102.2013">msdyn_ServiceExtendedAnchor (9.0.25102.2013)</package>
        </Required>
        <Dependent type="80" schemaName="Customerservicehub" displayName="Customer Service Hub" />
      </MissingDependency>
      <MissingDependency>
        <Required type="1" schemaName="msdyn_unifiedroutingrun" displayName="Routing diagnostic" solution="DecisionEngine (1.5.25041.1000)">
          <package appName="ServiceExtended" version="9.0.25102.2013">msdyn_ServiceExtendedAnchor (9.0.25102.2013)</package>
        </Required>
        <Dependent type="80" schemaName="Customerservicehub" displayName="Customer Service Hub" />
      </MissingDependency>
      <MissingDependency>
        <Required type="1" schemaName="phonetocaseprocess" displayName="Phone To Case Process" solution="msdynce_Service (9.0.5.56)">
          <package appName="msdynce_Service" version="9.0.25102.1007">msdynce_ServiceAnchor (9.0.25102.1007)</package>
        </Required>
        <Dependent type="80" schemaName="Customerservicehub" displayName="Customer Service Hub" />
      </MissingDependency>
      <MissingDependency>
        <Required type="1" schemaName="service" displayName="Service" solution="msdynce_Service (9.0.5.56)">
          <package appName="msdynce_Service" version="9.0.25102.1007">msdynce_ServiceAnchor (9.0.25102.1007)</package>
        </Required>
        <Dependent type="62" schemaName="Customerservicehub" />
      </MissingDependency>
      <MissingDependency>
        <Required type="1" schemaName="service" displayName="Service" solution="msdynce_Service (9.0.5.56)">
          <package appName="msdynce_Service" version="9.0.25102.1007">msdynce_ServiceAnchor (9.0.25102.1007)</package>
        </Required>
        <Dependent type="80" schemaName="Customerservicehub" displayName="Customer Service Hub" />
      </MissingDependency>
      <MissingDependency>
        <Required type="1" schemaName="serviceappointment" displayName="Service Activity" solution="msdynce_Service (9.0.5.56)">
          <package appName="msdynce_Service" version="9.0.25102.1007">msdynce_ServiceAnchor (9.0.25102.1007)</package>
        </Required>
        <Dependent type="62" schemaName="Customerservicehub" />
      </MissingDependency>
      <MissingDependency>
        <Required type="1" schemaName="serviceappointment" displayName="Service Activity" solution="msdynce_Service (9.0.5.56)">
          <package appName="msdynce_Service" version="9.0.25102.1007">msdynce_ServiceAnchor (9.0.25102.1007)</package>
        </Required>
        <Dependent type="80" schemaName="Customerservicehub" displayName="Customer Service Hub" />
      </MissingDependency>
      <MissingDependency>
        <Required type="1" schemaName="site" displayName="Site" solution="msdynce_Service (9.0.5.56)">
          <package appName="msdynce_Service" version="9.0.25102.1007">msdynce_ServiceAnchor (9.0.25102.1007)</package>
        </Required>
        <Dependent type="80" schemaName="Customerservicehub" displayName="Customer Service Hub" />
      </MissingDependency>
      <MissingDependency>
        <Required type="26" schemaName="All" displayName="All" parentSchemaName="systemuser" parentDisplayName="User" solution="OmnichannelBase (1.10.0.110)" id="{07fd7812-3a72-eb11-a812-000d3a374668}">
          <package appName="UnifiedRoutingPrime" version="1.5.27.124">UnifiedRoutingPrimeAnchor (1.5.27.124)</package>
        </Required>
        <Dependent type="80" schemaName="Customerservicehub" displayName="Customer Service Hub" />
      </MissingDependency>
      <MissingDependency>
        <Required type="26" schemaName="IoT Alert Lookup View" displayName="IoT Alert Lookup View" parentSchemaName="msdyn_iotalert" parentDisplayName="IoT Alert" solution="IoTConnector (1.8.53.0)" id="{0d671846-601a-43fb-ad96-d4563022bfb7}">
          <package appName="msdynce_Service" version="9.0.25102.1007">msdynce_ServiceAnchor (9.0.25102.1007)</package>
          <package appName="Field Service" version="8.8.139.398">FieldService_trial (8.8.139.398)</package>
        </Required>
        <Dependent type="80" schemaName="Customerservicehub" displayName="Customer Service Hub" />
      </MissingDependency>
      <MissingDependency>
        <Required type="26" schemaName="Active Commands" displayName="Active Commands" parentSchemaName="msdyn_iotdevicecommand" parentDisplayName="IoT Device Command" solution="msdyn_ConnectedCustomerService (9.0.23122.1017)" id="{1c53b91a-1914-ea11-a81f-000d3ac3e048}">
          <package appName="msdynce_Service" version="9.0.25102.1007">msdynce_ServiceAnchor (9.0.25102.1007)</package>
        </Required>
        <Dependent type="80" schemaName="Customerservicehub" displayName="Customer Service Hub" />
      </MissingDependency>
      <MissingDependency>
        <Required type="26" schemaName="My active swarms" displayName="My active swarms" parentSchemaName="msdyn_swarm" parentDisplayName="Swarm" solution="msdyn_SwarmingForCS (9.0.25102.2013)" id="{214bc6ac-d27f-ec11-8d20-0022480c42fd}">
          <package appName="ServiceExtended" version="9.0.25102.2013">msdyn_ServiceExtendedAnchor (9.0.25102.2013)</package>
        </Required>
        <Dependent type="80" schemaName="Customerservicehub" displayName="Customer Service Hub" />
      </MissingDependency>
      <MissingDependency>
        <Required type="26" schemaName="Swarms I follow" displayName="Swarms I follow" parentSchemaName="msdyn_swarm" parentDisplayName="Swarm" solution="msdyn_SwarmingForCS (9.0.25102.2013)" id="{23e865fb-1a7f-ec11-8d20-0022480c42fd}">
          <package appName="ServiceExtended" version="9.0.25102.2013">msdyn_ServiceExtendedAnchor (9.0.25102.2013)</package>
        </Required>
        <Dependent type="80" schemaName="Customerservicehub" displayName="Customer Service Hub" />
      </MissingDependency>
      <MissingDependency>
        <Required type="26" schemaName="Administrators" displayName="Administrators" parentSchemaName="systemuser" parentDisplayName="User" solution="OmnichannelBase (1.10.0.110)" id="{27e6c8f8-3972-eb11-a812-000d3a374668}">
          <package appName="UnifiedRoutingPrime" version="1.5.27.124">UnifiedRoutingPrimeAnchor (1.5.27.124)</package>
        </Required>
        <Dependent type="80" schemaName="Customerservicehub" displayName="Customer Service Hub" />
      </MissingDependency>
      <MissingDependency>
        <Required type="26" schemaName="Active Alerts" displayName="Active Alerts" parentSchemaName="msdyn_iotalert" parentDisplayName="IoT Alert" solution="msdyn_ConnectedCustomerService (9.0.23122.1017)" id="{288bede2-1714-ea11-a81f-000d3ac3e048}">
          <package appName="msdynce_Service" version="9.0.25102.1007">msdynce_ServiceAnchor (9.0.25102.1007)</package>
        </Required>
        <Dependent type="80" schemaName="Customerservicehub" displayName="Customer Service Hub" />
      </MissingDependency>
      <MissingDependency>
        <Required type="26" schemaName="Routing diagnostics" displayName="Routing diagnostics" parentSchemaName="msdyn_unifiedroutingrun" parentDisplayName="Routing diagnostic" solution="OCBaseURBase (1.5.25102.1006)" id="{2a600798-8762-eb11-a812-000d3a5475f7}">
          <package appName="UnifiedRoutingPrime" version="1.5.27.124">UnifiedRoutingPrimeAnchor (1.5.27.124)</package>
        </Required>
        <Dependent type="80" schemaName="Customerservicehub" displayName="Customer Service Hub" />
      </MissingDependency>
      <MissingDependency>
        <Required type="26" schemaName="All activity monitor events" displayName="All activity monitor events" parentSchemaName="activitymonitor" parentDisplayName="Activity monitor" solution="AutomaticRecordCreation (9.1.25091.1001)" id="{2a9487b4-8684-4962-bd8d-04472ba737d7}">
          <package appName="msdynce_Service" version="9.0.25102.1007">msdynce_ServiceAnchor (9.0.25102.1007)</package>
        </Required>
        <Dependent type="80" schemaName="Customerservicehub" displayName="Customer Service Hub" />
      </MissingDependency>
      <MissingDependency>
        <Required type="26" schemaName="Data Insights And Analytics Feature for CS" displayName="Data Insights And Analytics Feature for CS" parentSchemaName="msdyn_datainsightsandanalyticsfeature" parentDisplayName="Insights" solution="msdyn_DataInsightsAndAnalyticsForSA (1.1.22045.2)" id="{3a863a4d-3843-483d-a221-8357471ef73b}">
          <package appName="msdyn_AcceleratedSales" version="9.1.25094.10001">msdyn_AcceleratedSalesAnchor (9.1.25094.10001)</package>
        </Required>
        <Dependent type="80" schemaName="Customerservicehub" displayName="Customer Service Hub" />
      </MissingDependency>
      <MissingDependency>
        <Required type="26" schemaName="- Insights" displayName="- Insights" parentSchemaName="msdyn_dataanalyticsreport_csrmanager" parentDisplayName="Customer Service historical analytics" solution="msdyn_AnalyticsForCS (9.0.25093.1002)" id="{42169494-69ed-488f-984b-e5d5faf73efa}">
          <package appName="CustomerServiceAnalytics" version="9.0.25093.1002">msdyn_CustomerServiceAnalyticsAnchor (9.0.25093.1002)</package>
        </Required>
        <Dependent type="80" schemaName="Customerservicehub" displayName="Customer Service Hub" />
      </MissingDependency>
      <MissingDependency>
        <Required type="26" schemaName="Cancelled swarms" displayName="Cancelled swarms" parentSchemaName="msdyn_swarm" parentDisplayName="Swarm" solution="msdyn_SwarmingForCS (9.0.25102.2013)" id="{4474ee26-3709-ed11-b83f-0022482aea7b}">
          <package appName="ServiceExtended" version="9.0.25102.2013">msdyn_ServiceExtendedAnchor (9.0.25102.2013)</package>
        </Required>
        <Dependent type="80" schemaName="Customerservicehub" displayName="Customer Service Hub" />
      </MissingDependency>
      <MissingDependency>
        <Required type="26" schemaName="KB keywords and decription suggestion setting page" displayName="KB keywords and decription suggestion setting page" parentSchemaName="msdyn_datainsightsandanalyticsfeature" parentDisplayName="Insights" solution="msdyn_InsightsAnalyticsCSConfiguration (9.0.25093.1002)" id="{4b856c35-ed13-4cc5-bc1d-2e81934806cc}">
          <package appName="CustomerServiceAnalytics" version="9.0.25093.1002">msdyn_CustomerServiceAnalyticsAnchor (9.0.25093.1002)</package>
        </Required>
        <Dependent type="80" schemaName="Customerservicehub" displayName="Customer Service Hub" />
      </MissingDependency>
      <MissingDependency>
        <Required type="26" schemaName="Record creation and update rules" displayName="Record creation and update rules" parentSchemaName="convertrule" parentDisplayName="Record Creation and Update Rule" solution="AutomaticRecordCreation (9.1.25091.1001)" id="{4c282407-113e-ea11-a81c-000d3a6e0dee}">
          <package appName="msdynce_Service" version="9.0.25102.1007">msdynce_ServiceAnchor (9.0.25102.1007)</package>
        </Required>
        <Dependent type="80" schemaName="Customerservicehub" displayName="Customer Service Hub" />
      </MissingDependency>
      <MissingDependency>
        <Required type="26" schemaName="Active record creation and update rules" displayName="Active record creation and update rules" parentSchemaName="convertrule" parentDisplayName="Record Creation and Update Rule" solution="AutomaticRecordCreation (9.1.25091.1001)" id="{54097fb3-213e-ea11-a81c-000d3a6e0dee}">
          <package appName="msdynce_Service" version="9.0.25102.1007">msdynce_ServiceAnchor (9.0.25102.1007)</package>
        </Required>
        <Dependent type="80" schemaName="Customerservicehub" displayName="Customer Service Hub" />
      </MissingDependency>
      <MissingDependency>
        <Required type="26" schemaName="All swarms" displayName="All swarms" parentSchemaName="msdyn_swarm" parentDisplayName="Swarm" solution="msdyn_SwarmingForCS (9.0.25102.2013)" id="{5e551bb5-117f-ec11-8d20-0022480c42fd}">
          <package appName="ServiceExtended" version="9.0.25102.2013">msdyn_ServiceExtendedAnchor (9.0.25102.2013)</package>
        </Required>
        <Dependent type="80" schemaName="Customerservicehub" displayName="Customer Service Hub" />
      </MissingDependency>
      <MissingDependency>
        <Required type="26" schemaName="- Insights" displayName="- Insights" parentSchemaName="msdyn_dataanalyticsreport_forecast" parentDisplayName="Forecast" solution="msdyn_AnalyticsForCS (9.0.25093.1002)" id="{68837700-4efe-4fdd-9ac5-197e224caba7}">
          <package appName="CustomerServiceAnalytics" version="9.0.25093.1002">msdyn_CustomerServiceAnalyticsAnchor (9.0.25093.1002)</package>
        </Required>
        <Dependent type="80" schemaName="Customerservicehub" displayName="Customer Service Hub" />
      </MissingDependency>
      <MissingDependency>
        <Required type="26" schemaName="Connected Customer Assets" displayName="Connected Customer Assets" parentSchemaName="msdyn_customerasset" parentDisplayName="Customer Asset" solution="msdyn_IoTAssetCommon (1.10.3.0)" id="{6da9a965-1899-471c-9478-915527225a92}">
          <package appName="msdynce_Service" version="9.0.25102.1007">msdynce_ServiceAnchor (9.0.25102.1007)</package>
          <package appName="Field Service" version="8.8.139.398">FieldService_trial (8.8.139.398)</package>
        </Required>
        <Dependent type="80" schemaName="Customerservicehub" displayName="Customer Service Hub" />
      </MissingDependency>
      <MissingDependency>
        <Required type="26" schemaName="Active Customer Assets" displayName="Active Customer Assets" parentSchemaName="msdyn_customerasset" parentDisplayName="Customer Asset" solution="msdyn_AssetCommon (1.0.50.99)" id="{6ecb03a4-acda-44ae-83e3-c60ba8338dbb}">
          <package appName="msdynce_Service" version="9.0.25102.1007">msdynce_ServiceAnchor (9.0.25102.1007)</package>
          <package appName="Field Service" version="8.8.139.398">FieldService_trial (8.8.139.398)</package>
        </Required>
        <Dependent type="80" schemaName="Customerservicehub" displayName="Customer Service Hub" />
      </MissingDependency>
      <MissingDependency>
        <Required type="26" schemaName="Suggestions setting page" displayName="Suggestions setting page" parentSchemaName="msdyn_datainsightsandanalyticsfeature" parentDisplayName="Insights" solution="msdyn_InsightsAnalyticsCSConfiguration (9.0.25093.1002)" id="{6fcff708-36a4-4091-b94a-fe4ce63e36b7}">
          <package appName="CustomerServiceAnalytics" version="9.0.25093.1002">msdyn_CustomerServiceAnalyticsAnchor (9.0.25093.1002)</package>
        </Required>
        <Dependent type="80" schemaName="Customerservicehub" displayName="Customer Service Hub" />
      </MissingDependency>
      <MissingDependency>
        <Required type="26" schemaName="- Insights" displayName="- Insights" parentSchemaName="msdyn_dataanalyticsreport_ksinsights" parentDisplayName="Knowledge analytics" solution="msdyn_AnalyticsForCS (9.0.25093.1002)" id="{70fb13db-6208-4b0d-afb1-90ae62cd628d}">
          <package appName="CustomerServiceAnalytics" version="9.0.25093.1002">msdyn_CustomerServiceAnalyticsAnchor (9.0.25093.1002)</package>
        </Required>
        <Dependent type="80" schemaName="Customerservicehub" displayName="Customer Service Hub" />
      </MissingDependency>
      <MissingDependency>
        <Required type="26" schemaName="Inactive Customer Assets" displayName="Inactive Customer Assets" parentSchemaName="msdyn_customerasset" parentDisplayName="Customer Asset" solution="msdyn_AssetCommon (1.0.50.99)" id="{718410e5-6a96-4d6e-9a7c-781265eedfb9}">
          <package appName="msdynce_Service" version="9.0.25102.1007">msdynce_ServiceAnchor (9.0.25102.1007)</package>
          <package appName="Field Service" version="8.8.139.398">FieldService_trial (8.8.139.398)</package>
        </Required>
        <Dependent type="80" schemaName="Customerservicehub" displayName="Customer Service Hub" />
      </MissingDependency>
      <MissingDependency>
        <Required type="26" schemaName="Swarm lookup view" displayName="Swarm lookup view" parentSchemaName="msdyn_swarm" parentDisplayName="Swarm" solution="msdyn_Swarming (9.0.25102.2013)" id="{792d601c-9320-493e-aa56-852b42d2935f}">
          <package appName="ServiceExtended" version="9.0.25102.2013">msdyn_ServiceExtendedAnchor (9.0.25102.2013)</package>
        </Required>
        <Dependent type="80" schemaName="Customerservicehub" displayName="Customer Service Hub" />
      </MissingDependency>
      <MissingDependency>
        <Required type="26" schemaName="Active Alerts Chart" displayName="Active Alerts Chart" parentSchemaName="msdyn_iotalert" parentDisplayName="IoT Alert" solution="msdyn_ConnectedCustomerService (9.0.23122.1017)" id="{7d8db35b-4c16-41cf-845f-5ac383dad1ec}">
          <package appName="msdynce_Service" version="9.0.25102.1007">msdynce_ServiceAnchor (9.0.25102.1007)</package>
        </Required>
        <Dependent type="80" schemaName="Customerservicehub" displayName="Customer Service Hub" />
      </MissingDependency>
      <MissingDependency>
        <Required type="26" schemaName="Inactive IoT alerts" displayName="Inactive IoT alerts" parentSchemaName="msdyn_iotalert" parentDisplayName="IoT Alert" solution="IoTConnector (1.8.53.0)" id="{85d8bcc6-f396-41c4-94f8-24b4a9970632}">
          <package appName="msdynce_Service" version="9.0.25102.1007">msdynce_ServiceAnchor (9.0.25102.1007)</package>
          <package appName="Field Service" version="8.8.139.398">FieldService_trial (8.8.139.398)</package>
        </Required>
        <Dependent type="80" schemaName="Customerservicehub" displayName="Customer Service Hub" />
      </MissingDependency>
      <MissingDependency>
        <Required type="26" schemaName="Primary alerts" displayName="Primary alerts" parentSchemaName="msdyn_iotalert" parentDisplayName="IoT Alert" solution="msdyn_ConnectedCustomerService (9.0.23122.1017)" id="{8aa1e7c2-1514-ea11-a81f-000d3ac3e048}">
          <package appName="msdynce_Service" version="9.0.25102.1007">msdynce_ServiceAnchor (9.0.25102.1007)</package>
        </Required>
        <Dependent type="80" schemaName="Customerservicehub" displayName="Customer Service Hub" />
      </MissingDependency>
      <MissingDependency>
        <Required type="26" schemaName="Agents" displayName="Agents" parentSchemaName="systemuser" parentDisplayName="User" solution="OmnichannelBase (1.10.0.110)" id="{94b84e8f-2772-eb11-a812-000d3a374668}">
          <package appName="UnifiedRoutingPrime" version="1.5.27.124">UnifiedRoutingPrimeAnchor (1.5.27.124)</package>
        </Required>
        <Dependent type="80" schemaName="Customerservicehub" displayName="Customer Service Hub" />
      </MissingDependency>
      <MissingDependency>
        <Required type="26" schemaName="- Insights" displayName="- Insights" parentSchemaName="msdyn_dataanalyticsreport_email" parentDisplayName="Email analytics" solution="msdyn_AnalyticsForCS (9.0.25093.1002)" id="{9c3097df-c29a-4396-bbe6-3d61d09edc68}">
          <package appName="CustomerServiceAnalytics" version="9.0.25093.1002">msdyn_CustomerServiceAnalyticsAnchor (9.0.25093.1002)</package>
        </Required>
        <Dependent type="80" schemaName="Customerservicehub" displayName="Customer Service Hub" />
      </MissingDependency>
      <MissingDependency>
        <Required type="26" schemaName="Resolved swarms" displayName="Resolved swarms" parentSchemaName="msdyn_swarm" parentDisplayName="Swarm" solution="msdyn_SwarmingForCS (9.0.25102.2013)" id="{9e2f290a-e1c8-4c71-9a67-fe6b98b36a88}">
          <package appName="ServiceExtended" version="9.0.25102.2013">msdyn_ServiceExtendedAnchor (9.0.25102.2013)</package>
        </Required>
        <Dependent type="80" schemaName="Customerservicehub" displayName="Customer Service Hub" />
      </MissingDependency>
      <MissingDependency>
        <Required type="26" schemaName="Inactive record creation and update rules" displayName="Inactive record creation and update rules" parentSchemaName="convertrule" parentDisplayName="Record Creation and Update Rule" solution="AutomaticRecordCreation (9.1.25091.1001)" id="{a00557de-213e-ea11-a81c-000d3a6e0dee}">
          <package appName="msdynce_Service" version="9.0.25102.1007">msdynce_ServiceAnchor (9.0.25102.1007)</package>
        </Required>
        <Dependent type="80" schemaName="Customerservicehub" displayName="Customer Service Hub" />
      </MissingDependency>
      <MissingDependency>
        <Required type="26" schemaName="Supervisors" displayName="Supervisors" parentSchemaName="systemuser" parentDisplayName="User" solution="OmnichannelBase (1.10.0.110)" id="{b702c2d1-1c72-eb11-a812-000d3a374668}">
          <package appName="UnifiedRoutingPrime" version="1.5.27.124">UnifiedRoutingPrimeAnchor (1.5.27.124)</package>
        </Required>
        <Dependent type="80" schemaName="Customerservicehub" displayName="Customer Service Hub" />
      </MissingDependency>
      <MissingDependency>
        <Required type="26" schemaName="Inactive IoT Device Commands" displayName="Inactive IoT Device Commands" parentSchemaName="msdyn_iotdevicecommand" parentDisplayName="IoT Device Command" solution="IoTConnector (1.8.53.0)" id="{b7583a33-abc2-43fd-87cd-2d8eeaa9efad}">
          <package appName="msdynce_Service" version="9.0.25102.1007">msdynce_ServiceAnchor (9.0.25102.1007)</package>
          <package appName="Field Service" version="8.8.139.398">FieldService_trial (8.8.139.398)</package>
        </Required>
        <Dependent type="80" schemaName="Customerservicehub" displayName="Customer Service Hub" />
      </MissingDependency>
      <MissingDependency>
        <Required type="26" schemaName="Swarm advanced find view" displayName="Swarm advanced find view" parentSchemaName="msdyn_swarm" parentDisplayName="Swarm" solution="msdyn_Swarming (9.0.25102.2013)" id="{c4dd54d3-6b9d-4819-81df-c82f0263f838}">
          <package appName="ServiceExtended" version="9.0.25102.2013">msdyn_ServiceExtendedAnchor (9.0.25102.2013)</package>
        </Required>
        <Dependent type="80" schemaName="Customerservicehub" displayName="Customer Service Hub" />
      </MissingDependency>
      <MissingDependency>
        <Required type="26" schemaName="Topic clustering setting page" displayName="Topic clustering setting page" parentSchemaName="msdyn_datainsightsandanalyticsfeature" parentDisplayName="Insights" solution="msdyn_InsightsAnalyticsCSConfiguration (9.0.25093.1002)" id="{cd29dd53-ffaf-ea11-a812-000d3a8ab15e}">
          <package appName="CustomerServiceAnalytics" version="9.0.25093.1002">msdyn_CustomerServiceAnalyticsAnchor (9.0.25093.1002)</package>
        </Required>
        <Dependent type="80" schemaName="Customerservicehub" displayName="Customer Service Hub" />
      </MissingDependency>
      <MissingDependency>
        <Required type="26" schemaName="Active swarms" displayName="Active swarms" parentSchemaName="msdyn_swarm" parentDisplayName="Swarm" solution="msdyn_SwarmingForCS (9.0.25102.2013)" id="{ce3410ff-5f24-460e-bc28-33893f5df27f}">
          <package appName="ServiceExtended" version="9.0.25102.2013">msdyn_ServiceExtendedAnchor (9.0.25102.2013)</package>
        </Required>
        <Dependent type="80" schemaName="Customerservicehub" displayName="Customer Service Hub" />
      </MissingDependency>
      <MissingDependency>
        <Required type="26" schemaName="Activity monitor Advanced Find View" displayName="Activity monitor Advanced Find View" parentSchemaName="activitymonitor" parentDisplayName="Activity monitor" solution="AutomaticRecordCreation (9.1.25091.1001)" id="{df26b01b-5a5c-41bc-be01-08dee57f6d06}">
          <package appName="msdynce_Service" version="9.0.25102.1007">msdynce_ServiceAnchor (9.0.25102.1007)</package>
        </Required>
        <Dependent type="80" schemaName="Customerservicehub" displayName="Customer Service Hub" />
      </MissingDependency>
      <MissingDependency>
        <Required type="26" schemaName="Swarm associated view" displayName="Swarm associated view" parentSchemaName="msdyn_swarm" parentDisplayName="Swarm" solution="msdyn_Swarming (9.0.25102.2013)" id="{f4a46971-a1b8-4ec3-9f9e-30740bc8c8e2}">
          <package appName="ServiceExtended" version="9.0.25102.2013">msdyn_ServiceExtendedAnchor (9.0.25102.2013)</package>
        </Required>
        <Dependent type="80" schemaName="Customerservicehub" displayName="Customer Service Hub" />
      </MissingDependency>
      <MissingDependency>
        <Required type="26" schemaName="Swarms being followed" displayName="Swarms being followed" parentSchemaName="msdyn_swarm" parentDisplayName="Swarm" solution="msdyn_SwarmingForCS (9.0.25102.2013)" id="{f885ad3d-1b7f-ec11-8d20-0022480c42fd}">
          <package appName="ServiceExtended" version="9.0.25102.2013">msdyn_ServiceExtendedAnchor (9.0.25102.2013)</package>
        </Required>
        <Dependent type="80" schemaName="Customerservicehub" displayName="Customer Service Hub" />
      </MissingDependency>
      <MissingDependency>
        <Required type="29" displayName="IoT Alert to Case Process" solution="msdyn_ConnectedCustomerService (9.0.23122.1017)" id="{006c4c42-2abe-4b61-9149-56df5b9625f9}">
          <package appName="msdynce_Service" version="9.0.25102.1007">msdynce_ServiceAnchor (9.0.25102.1007)</package>
        </Required>
        <Dependent type="80" schemaName="Customerservicehub" displayName="Customer Service Hub" />
      </MissingDependency>
      <MissingDependency>
        <Required type="29" displayName="Phone to Case Process" solution="msdynce_Service (9.0.5.56)" id="{0ffbcde4-61c1-4355-aa89-aa1d7b2b8792}">
          <package appName="msdynce_Service" version="9.0.25102.1007">msdynce_ServiceAnchor (9.0.25102.1007)</package>
        </Required>
        <Dependent type="80" schemaName="Customerservicehub" displayName="Customer Service Hub" />
      </MissingDependency>
      <MissingDependency>
        <Required type="60" displayName="Customer Service Representative Social Dashboard" solution="msdynce_Service (9.0.5.56)" id="{063e7659-05d9-4030-960d-10fe269a5a8b}">
          <package appName="msdynce_Service" version="9.0.25102.1007">msdynce_ServiceAnchor (9.0.25102.1007)</package>
        </Required>
        <Dependent type="80" schemaName="Customerservicehub" displayName="Customer Service Hub" />
      </MissingDependency>
      <MissingDependency>
        <Required type="60" displayName="Email" parentDisplayName="Email" solution="msdynce_Activities (9.0.1.2033)" id="{0d1e47ff-12b2-4f53-9090-bee951b98cb4}">
          <package appName="msdynce_Activities" version="9.0.25102.251015003">msdynce_EnableUCIByDefault (9.0.25102.251015003)</package>
        </Required>
        <Dependent type="80" schemaName="Customerservicehub" displayName="Customer Service Hub" />
      </MissingDependency>
      <MissingDependency>
        <Required type="60" displayName="Timeline swarm form" parentDisplayName="Swarm" solution="msdyn_Swarming (9.0.25102.2013)" id="{16a37fb7-9c8e-4f3b-b72d-470ca4a09bd2}">
          <package appName="ServiceExtended" version="9.0.25102.2013">msdyn_ServiceExtendedAnchor (9.0.25102.2013)</package>
        </Required>
        <Dependent type="80" schemaName="Customerservicehub" displayName="Customer Service Hub" />
      </MissingDependency>
      <MissingDependency>
        <Required type="60" displayName="Case form for swarming" parentDisplayName="Case" solution="msdyn_SwarmingForCS (9.0.25102.2013)" id="{1898d587-4b84-ec11-8d21-0022481c0d29}">
          <package appName="ServiceExtended" version="9.0.25102.2013">msdyn_ServiceExtendedAnchor (9.0.25102.2013)</package>
        </Required>
        <Dependent type="80" schemaName="Customerservicehub" displayName="Customer Service Hub" />
      </MissingDependency>
      <MissingDependency>
        <Required type="60" displayName="Information (New)" parentDisplayName="Work Stream" solution="OmnichannelBase (1.10.0.110)" id="{19f2de03-d70f-4a08-a2b0-7be086345936}">
          <package appName="UnifiedRoutingPrime" version="1.5.27.124">UnifiedRoutingPrimeAnchor (1.5.27.124)</package>
        </Required>
        <Dependent type="80" schemaName="Customerservicehub" displayName="Customer Service Hub" />
      </MissingDependency>
      <MissingDependency>
        <Required type="60" displayName="Email for Interactive experience" parentDisplayName="Email" solution="msdynce_Activities (9.0.1.2033)" id="{1d5ad078-3edb-4edc-98c6-c0c21e3125e3}">
          <package appName="msdynce_Activities" version="9.0.25102.251015003">msdynce_EnableUCIByDefault (9.0.25102.251015003)</package>
        </Required>
        <Dependent type="80" schemaName="Customerservicehub" displayName="Customer Service Hub" />
      </MissingDependency>
      <MissingDependency>
        <Required type="60" displayName="Queue Hub Form" parentDisplayName="Queue" solution="OmnichannelBase (1.10.0.110)" id="{1e60384f-3826-479e-8c62-d6c0ebbcc151}">
          <package appName="UnifiedRoutingPrime" version="1.5.27.124">UnifiedRoutingPrimeAnchor (1.5.27.124)</package>
        </Required>
        <Dependent type="80" schemaName="Customerservicehub" displayName="Customer Service Hub" />
      </MissingDependency>
      <MissingDependency>
        <Required type="60" displayName="Appointment for Interactive experience" parentDisplayName="Appointment" solution="msdynce_Activities (9.0.1.2033)" id="{230cd27c-0ce0-4b52-9fe5-d7a5ed94ba4e}">
          <package appName="msdynce_Activities" version="9.0.25102.251015003">msdynce_EnableUCIByDefault (9.0.25102.251015003)</package>
        </Required>
        <Dependent type="80" schemaName="Customerservicehub" displayName="Customer Service Hub" />
      </MissingDependency>
      <MissingDependency>
        <Required type="60" displayName="Information (New)" parentDisplayName="Master Entity Routing Configuration" solution="msdyn_UnifiedRoutingForEntity (9.1.25074.1003)" id="{24c50cde-66dc-48c3-a405-263e1aeeda65}">
          <package appName="UnifiedRoutingPrime" version="1.5.27.124">UnifiedRoutingPrimeAnchor (1.5.27.124)</package>
          <package appName="msdyn_URAdvancedRecordRouting" version="1.5.25102.1006">msdyn_URAdvancedRecordRouting (1.5.25102.1006)</package>
        </Required>
        <Dependent type="80" schemaName="Customerservicehub" displayName="Customer Service Hub" />
      </MissingDependency>
      <MissingDependency>
        <Required type="60" displayName="Record Creation and Update Rule - UCI" parentDisplayName="Record Creation and Update Rule" solution="AutomaticRecordCreation (9.1.25091.1001)" id="{2c8955c5-133b-423f-bb72-01880111bbfd}">
          <package appName="msdynce_Service" version="9.0.25102.1007">msdynce_ServiceAnchor (9.0.25102.1007)</package>
        </Required>
        <Dependent type="80" schemaName="Customerservicehub" displayName="Customer Service Hub" />
      </MissingDependency>
      <MissingDependency>
        <Required type="60" displayName="Connected Customer Service Dashboard" solution="msdyn_ConnectedCustomerService (9.0.23122.1017)" id="{351c4635-47a7-e911-8199-000d3af92e18}">
          <package appName="msdynce_Service" version="9.0.25102.1007">msdynce_ServiceAnchor (9.0.25102.1007)</package>
        </Required>
        <Dependent type="80" schemaName="Customerservicehub" displayName="Customer Service Hub" />
      </MissingDependency>
      <MissingDependency>
        <Required type="60" displayName="Customer Service Operations Dashboard" solution="msdynce_Service (9.0.5.56)" id="{4e76815a-1f63-df11-ae90-00155d2e3002}">
          <package appName="msdynce_Service" version="9.0.25102.1007">msdynce_ServiceAnchor (9.0.25102.1007)</package>
        </Required>
        <Dependent type="80" schemaName="Customerservicehub" displayName="Customer Service Hub" />
      </MissingDependency>
      <MissingDependency>
        <Required type="60" displayName="Knowledge Article Incident for Interactive experience" parentDisplayName="Knowledge Article Incident" solution="msdynce_Service (9.0.5.56)" id="{5e4e7214-a56d-4152-ac51-1a89e463eff4}">
          <package appName="msdynce_Service" version="9.0.25102.1007">msdynce_ServiceAnchor (9.0.25102.1007)</package>
        </Required>
        <Dependent type="80" schemaName="Customerservicehub" displayName="Customer Service Hub" />
      </MissingDependency>
      <MissingDependency>
        <Required type="60" displayName="Enhanced Email" parentDisplayName="Email" solution="msdynce_ActivitiesPatch (9.0.25102.251015003)" id="{63769d04-c74f-4808-b0aa-77339e1b9191}">
          <package appName="msdynce_Activities" version="9.0.25102.251015003">msdynce_EnableUCIByDefault (9.0.25102.251015003)</package>
        </Required>
        <Dependent type="80" schemaName="Customerservicehub" displayName="Customer Service Hub" />
      </MissingDependency>
      <MissingDependency>
        <Required type="60" displayName="Customer Service Manager Dashboard" solution="msdynce_Service (9.0.5.56)" id="{65e050d3-8b71-4b53-acb5-bb9af83bf384}">
          <package appName="msdynce_Service" version="9.0.25102.1007">msdynce_ServiceAnchor (9.0.25102.1007)</package>
        </Required>
        <Dependent type="80" schemaName="Customerservicehub" displayName="Customer Service Hub" />
      </MissingDependency>
      <MissingDependency>
        <Required type="60" displayName="Customer Service Representative Dashboard" solution="msdynce_Service (9.0.5.56)" id="{6e00802f-8c73-df11-986c-00155d2e3002}">
          <package appName="msdynce_Service" version="9.0.25102.1007">msdynce_ServiceAnchor (9.0.25102.1007)</package>
        </Required>
        <Dependent type="80" schemaName="Customerservicehub" displayName="Customer Service Hub" />
      </MissingDependency>
      <MissingDependency>
        <Required type="60" displayName="Information" parentDisplayName="Case Resolution" solution="msdynce_Service (9.0.5.56)" id="{74d16ac1-ff56-46ac-a0ae-1102197649c3}">
          <package appName="msdynce_Service" version="9.0.25102.1007">msdynce_ServiceAnchor (9.0.25102.1007)</package>
        </Required>
        <Dependent type="80" schemaName="Customerservicehub" displayName="Customer Service Hub" />
      </MissingDependency>
      <MissingDependency>
        <Required type="60" displayName="Template" parentDisplayName="Email Template" solution="msdynce_ActivitiesPatch (9.0.25102.251015003)" id="{87dd6639-ef6a-4780-b454-6177eb7b3d6d}">
          <package appName="msdynce_Activities" version="9.0.25102.251015003">msdynce_EnableUCIByDefault (9.0.25102.251015003)</package>
        </Required>
        <Dependent type="80" schemaName="Customerservicehub" displayName="Customer Service Hub" />
      </MissingDependency>
      <MissingDependency>
        <Required type="60" displayName="Case for Interactive experience" parentDisplayName="Case" solution="msdynce_Service (9.0.5.56)" id="{915f6055-2e07-4276-ae08-2b96c8d02c57}">
          <package appName="msdynce_Service" version="9.0.25102.1007">msdynce_ServiceAnchor (9.0.25102.1007)</package>
        </Required>
        <Dependent type="80" schemaName="Customerservicehub" displayName="Customer Service Hub" />
      </MissingDependency>
      <MissingDependency>
        <Required type="60" displayName="Record Creation and Update Rule Item - UCI" parentDisplayName="Record Creation and Update Rule Item" solution="AutomaticRecordCreation (9.1.25091.1001)" id="{95ab3b9c-f36f-457a-8879-71c74472eeee}">
          <package appName="msdynce_Service" version="9.0.25102.1007">msdynce_ServiceAnchor (9.0.25102.1007)</package>
        </Required>
        <Dependent type="80" schemaName="Customerservicehub" displayName="Customer Service Hub" />
      </MissingDependency>
      <MissingDependency>
        <Required type="60" displayName="Case Resolution Quick Create Form" parentDisplayName="Case Resolution" solution="msdynce_ServicePatch201911 (9.0.25102.1007)" id="{9f50f1f6-8131-46e7-8ba1-e42403a51119}">
          <package appName="msdynce_Service" version="9.0.25102.1007">msdynce_ServiceAnchor (9.0.25102.1007)</package>
        </Required>
        <Dependent type="80" schemaName="Customerservicehub" displayName="Customer Service Hub" />
      </MissingDependency>
      <MissingDependency>
        <Required type="60" displayName="Social Profile for Interactive experience" parentDisplayName="Social Profile" solution="msdynce_SocialProfile (9.0.1.0015)" id="{a0ea0f71-dc25-47b6-8cc9-9ef8144ae424}">
          <package appName="msdynce_SocialProfile" version="9.0.1.0015">msdynce_SocialProfile (9.0.1.0015)</package>
        </Required>
        <Dependent type="80" schemaName="Customerservicehub" displayName="Customer Service Hub" />
      </MissingDependency>
      <MissingDependency>
        <Required type="60" displayName="Swarm form" parentDisplayName="Swarm" solution="msdyn_Swarming (9.0.25102.2013)" id="{a6d9e075-5993-4a1b-b003-4a8d091c5d8b}">
          <package appName="ServiceExtended" version="9.0.25102.2013">msdyn_ServiceExtendedAnchor (9.0.25102.2013)</package>
        </Required>
        <Dependent type="80" schemaName="Customerservicehub" displayName="Customer Service Hub" />
      </MissingDependency>
      <MissingDependency>
        <Required type="60" displayName="Account for Interactive experience" parentDisplayName="Account" solution="msdynce_AppCommon (9.0.4.0066)" id="{a72c7955-442b-4ea4-9499-b10cd18b4256}">
          <package appName="msdynce_AppCommon" version="9.0.25094.10001">msdynce_AppCommonAnchor (9.0.25094.10001)</package>
        </Required>
        <Dependent type="80" schemaName="Customerservicehub" displayName="Customer Service Hub" />
      </MissingDependency>
      <MissingDependency>
        <Required type="60" displayName="Customer Service Performance Dashboard" solution="msdynce_Service (9.0.5.56)" id="{acb40ffe-a1e0-47d0-a472-799911009df6}">
          <package appName="msdynce_Service" version="9.0.25102.1007">msdynce_ServiceAnchor (9.0.25102.1007)</package>
        </Required>
        <Dependent type="80" schemaName="Customerservicehub" displayName="Customer Service Hub" />
      </MissingDependency>
      <MissingDependency>
        <Required type="60" displayName="Tier 2 Dashboard" solution="msdynce_Service (9.0.5.56)" id="{acddedde-9140-4130-a1c1-96a5c6867a9f}">
          <package appName="msdynce_Service" version="9.0.25102.1007">msdynce_ServiceAnchor (9.0.25102.1007)</package>
        </Required>
        <Dependent type="80" schemaName="Customerservicehub" displayName="Customer Service Hub" />
      </MissingDependency>
      <MissingDependency>
        <Required type="60" displayName="Swarm full page control" parentDisplayName="Swarm" solution="msdyn_Swarming (9.0.25102.2013)" id="{b864afd8-d593-42d2-a93d-36228d497055}">
          <package appName="ServiceExtended" version="9.0.25102.2013">msdyn_ServiceExtendedAnchor (9.0.25102.2013)</package>
        </Required>
        <Dependent type="80" schemaName="Customerservicehub" displayName="Customer Service Hub" />
      </MissingDependency>
      <MissingDependency>
        <Required type="60" displayName="Activity monitor main form" parentDisplayName="Activity monitor" solution="AutomaticRecordCreation (9.1.25091.1001)" id="{c7c80abf-a354-4c24-a468-81c54dace49f}">
          <package appName="msdynce_Service" version="9.0.25102.1007">msdynce_ServiceAnchor (9.0.25102.1007)</package>
        </Required>
        <Dependent type="80" schemaName="Customerservicehub" displayName="Customer Service Hub" />
      </MissingDependency>
      <MissingDependency>
        <Required type="60" displayName="Contact for Interactive experience" parentDisplayName="Contact" solution="msdynce_LeadManagement (9.0.4.0066)" id="{cc760212-3eab-4009-b5c3-ea9cf6f3e141}">
          <package appName="msdynce_LeadManagement" version="9.0.25094.10001">msdynce_LeadManagementAnchor (9.0.25094.10001)</package>
        </Required>
        <Dependent type="80" schemaName="Customerservicehub" displayName="Customer Service Hub" />
      </MissingDependency>
      <MissingDependency>
        <Required type="60" displayName="Phone Call for Interactive experience" parentDisplayName="Phone Call" solution="msdynce_Activities (9.0.1.2033)" id="{cdc622ea-2a17-4cc3-9605-44564d56cea7}">
          <package appName="msdynce_Activities" version="9.0.25102.251015003">msdynce_EnableUCIByDefault (9.0.25102.251015003)</package>
        </Required>
        <Dependent type="80" schemaName="Customerservicehub" displayName="Customer Service Hub" />
      </MissingDependency>
      <MissingDependency>
        <Required type="60" displayName="Tier 1 Dashboard" solution="msdynce_Service (9.0.5.56)" id="{d201a642-6283-4f1d-81b7-da4b1685e698}">
          <package appName="msdynce_Service" version="9.0.25102.1007">msdynce_ServiceAnchor (9.0.25102.1007)</package>
        </Required>
        <Dependent type="80" schemaName="Customerservicehub" displayName="Customer Service Hub" />
      </MissingDependency>
      <MissingDependency>
        <Required type="60" displayName="Task for Interactive experience" parentDisplayName="Task" solution="msdynce_Activities (9.0.1.2033)" id="{d5b4a1b2-de4f-4f86-8768-b0730001e7d1}">
          <package appName="msdynce_Activities" version="9.0.25102.251015003">msdynce_EnableUCIByDefault (9.0.25102.251015003)</package>
        </Required>
        <Dependent type="80" schemaName="Customerservicehub" displayName="Customer Service Hub" />
      </MissingDependency>
      <MissingDependency>
        <Required type="60" displayName="IoT Device MFD" parentDisplayName="IoT Device" solution="msdyn_ConnectedCustomerService (9.0.23122.1017)" id="{dde8984c-b2fe-40ee-a248-c74d6ecc736d}">
          <package appName="msdynce_Service" version="9.0.25102.1007">msdynce_ServiceAnchor (9.0.25102.1007)</package>
        </Required>
        <Dependent type="80" schemaName="Customerservicehub" displayName="Customer Service Hub" />
      </MissingDependency>
      <MissingDependency>
        <Required type="60" displayName="Unified routing run diagnostics" parentDisplayName="Routing diagnostic" solution="OCBaseURBase (1.5.25102.1006)" id="{f6910b04-fbd3-4c28-8d96-fc40f3f74738}">
          <package appName="UnifiedRoutingPrime" version="1.5.27.124">UnifiedRoutingPrimeAnchor (1.5.27.124)</package>
        </Required>
        <Dependent type="80" schemaName="Customerservicehub" displayName="Customer Service Hub" />
      </MissingDependency>
      <MissingDependency>
        <Required type="60" displayName="Knowledge Article for Interactive experience" parentDisplayName="Knowledge Article" solution="msdynce_KnowledgeManagement (9.0.1.33)" id="{f7502aaf-4874-49fc-868d-cc201c6c4453}">
          <package appName="msdynce_KnowledgeManagement" version="9.0.25102.5008">msdynce_KnowledgeManagementAnchor (9.0.25102.5008)</package>
        </Required>
        <Dependent type="80" schemaName="Customerservicehub" displayName="Customer Service Hub" />
      </MissingDependency>
      <MissingDependency>
        <Required type="61" schemaName="msdyn_/fps/Icons/Sitemap/BusinessClosure.svg" displayName="msdyn_/fps/Icons/Sitemap/BusinessClosure.svg" solution="MicrosoftDynamicsScheduling (3.12.0.448)">
          <package appName="msdynce_CoreServiceScheduling" version="9.0.25093.2002">msdynce_CoreServiceSchedulingAnchor (9.0.25093.2002)</package>
          <package appName="Field Service" version="8.8.139.398">FieldService_trial (8.8.139.398)</package>
        </Required>
        <Dependent type="62" schemaName="Customerservicehub" />
      </MissingDependency>
      <MissingDependency>
        <Required type="61" schemaName="msdyn_/Images/Area_Default_Icon.png" displayName="msdyn_/Images/Area_Default_Icon.png" solution="AppModuleWebResources (2.5)">
          <package appName="AppModule Web Resources Package" version="2.5">AppModuleWebResources (2.5)</package>
        </Required>
        <Dependent type="62" schemaName="Customerservicehub" />
      </MissingDependency>
      <MissingDependency>
        <Required type="61" schemaName="msdyn_/Images/Subarea_Default_Icon.png" displayName="msdyn_/Images/Subarea_Default_Icon.png" solution="AppModuleWebResources (2.5)">
          <package appName="AppModule Web Resources Package" version="2.5">AppModuleWebResources (2.5)</package>
        </Required>
        <Dependent type="62" schemaName="Customerservicehub" />
      </MissingDependency>
      <MissingDependency>
        <Required type="61" schemaName="msdynce_CustomerServiceHub/_imgs/AppIcon/CustomerServiceHubIcon.svg" displayName="msdynce_CustomerServiceHub/_imgs/AppIcon/CustomerServiceHubIcon.svg" solution="msdynce_Customerservicehub (9.0.5.0056)">
          <package appName="msdynce_Service" version="9.0.25102.1007">msdynce_ServiceAnchor (9.0.25102.1007)</package>
        </Required>
        <Dependent type="80" schemaName="Customerservicehub" displayName="Customer Service Hub" />
      </MissingDependency>
      <MissingDependency>
        <Required type="62" schemaName="Customerservicehub" solution="msdynce_Customerservicehub (9.0.5.0056)">
          <package appName="msdynce_Service" version="9.0.25102.1007">msdynce_ServiceAnchor (9.0.25102.1007)</package>
        </Required>
        <Dependent type="62" schemaName="Customerservicehub" />
      </MissingDependency>
      <MissingDependency>
        <Required type="80" schemaName="Customerservicehub" displayName="Customer Service Hub" solution="msdynce_Customerservicehub (9.0.5.0056)">
          <package appName="msdynce_Service" version="9.0.25102.1007">msdynce_ServiceAnchor (9.0.25102.1007)</package>
        </Required>
        <Dependent type="80" schemaName="Customerservicehub" displayName="Customer Service Hub" />
      </MissingDependency>
      <MissingDependency>
        <Required type="SettingDefinition" displayName="msdyn_enablertecopilot" solution="msdyn_SalesCopilot (9.1.25103.10005)" id.uniquename="msdyn_enablertecopilot">
          <package appName="msdynce_Sales" version="9.0.25103.10007">msdynce_SalesAnchor (9.0.25103.10007)</package>
        </Required>
        <Dependent type="AppSetting" displayName="parentappmoduleid.uniquename=Customerservicehub,settingdefinitionid.uniquename=msdyn_enablertecopilot" id.parentappmoduleid.uniquename="Customerservicehub" id.settingdefinitionid.uniquename="msdyn_enablertecopilot" />
      </MissingDependency>
      <MissingDependency>
        <Required type="SettingDefinition" displayName="msdyn_rtecopilotdefaultonruncompleted" solution="msdyn_CSIntelligence (9.2.25102.1040)" id.uniquename="msdyn_rtecopilotdefaultonruncompleted">
          <package appName="Service Intelligence Package" version="9.2.25102.1040">msdyn_ServiceIntelligenceAnchor (9.2.25102.1040)</package>
        </Required>
        <Dependent type="AppSetting" displayName="parentappmoduleid.uniquename=Customerservicehub,settingdefinitionid.uniquename=msdyn_rtecopilotdefaultonruncompleted" id.parentappmoduleid.uniquename="Customerservicehub" id.settingdefinitionid.uniquename="msdyn_rtecopilotdefaultonruncompleted" />
      </MissingDependency>
      <MissingDependency>
        <Required type="SettingDefinition" displayName="msdynce_enableenhanceemailtemplateeditor" solution="msdynce_EmailTemplateConfigSolution (9.0.25102.2013)" id.uniquename="msdynce_enableenhanceemailtemplateeditor">
          <package appName="ServiceExtended" version="9.0.25102.2013">msdyn_ServiceExtendedAnchor (9.0.25102.2013)</package>
        </Required>
        <Dependent type="AppSetting" displayName="parentappmoduleid.uniquename=Customerservicehub,settingdefinitionid.uniquename=msdynce_enableenhanceemailtemplateeditor" id.parentappmoduleid.uniquename="Customerservicehub" id.settingdefinitionid.uniquename="msdynce_enableenhanceemailtemplateeditor" />
      </MissingDependency>
    </MissingDependencies>
  </SolutionManifest>
</ImportExportXml>